binary;function;function count;common linux file;networking;
/bin/rtk_cmd (-rwxr-xr-x root root);fprintf;1;false;yes;
/bin/epoll (-rwxr-xr-x root root);fprintf;1;false;yes;
/bin/wakeOnLanProxy (-rwxr-xr-x root root);fprintf;1;false;yes;
/bin/acltd (-rwxr-xr-x root root);fprintf;1;false;yes;
/bin/ult (-rwxr-xr-x root root);fprintf;1;false;yes;
/bin/usbmount2 (-rwxr-xr-x root root);fprintf;1;false;no;
/bin/pppoe-discovery (-rwxr-xr-x root root);fprintf;1;true;yes;
/bin/UDPserver (-rwxr-xr-x root root);fprintf;1;false;yes;
/bin/6tunnel (-rwxr-xr-x root root);fprintf;1;false;yes;
/bin/epoll (-rwxr-xr-x root root);mmap;1;false;yes;
/bin/rtk_cmd (-rwxr-xr-x root root);mmap;1;false;yes;
/bin/wakeOnLanProxy (-rwxr-xr-x root root);mmap;1;false;yes;
/bin/acltd (-rwxr-xr-x root root);mmap;1;false;yes;
/bin/ult (-rwxr-xr-x root root);mmap;1;false;yes;
/bin/flash (-rwxr-xr-x root root);fprintf;1;false;yes;
/bin/UDPserver (-rwxr-xr-x root root);mmap;1;false;yes;
/bin/auth (-rwxr-xr-x root root);fprintf;1;true;yes;
/bin/6tunnel (-rwxr-xr-x root root);mmap;1;false;yes;
/bin/epoll (-rwxr-xr-x root root);popen;1;false;yes;
/bin/usbmount2 (-rwxr-xr-x root root);mmap;1;false;no;
/bin/pppoe-discovery (-rwxr-xr-x root root);mmap;1;true;yes;
/bin/l2tpd (-rwxr-xr-x root root);fprintf;1;false;yes;
/bin/wakeOnLanProxy (-rwxr-xr-x root root);popen;1;false;yes;
/bin/rtk_cmd (-rwxr-xr-x root root);popen;1;false;yes;
/bin/acltd (-rwxr-xr-x root root);popen;1;false;yes;
/bin/ult (-rwxr-xr-x root root);popen;1;false;yes;
/bin/UDPserver (-rwxr-xr-x root root);popen;1;false;yes;
/bin/epoll (-rwxr-xr-x root root);printf;1;false;yes;
/bin/wakeOnLanProxy (-rwxr-xr-x root root);printf;1;false;yes;
/bin/6tunnel (-rwxr-xr-x root root);popen;1;false;yes;
/bin/usbmount2 (-rwxr-xr-x root root);popen;1;false;no;
/bin/acltd (-rwxr-xr-x root root);printf;1;false;yes;
/bin/pppoe-discovery (-rwxr-xr-x root root);popen;1;true;yes;
/bin/rtk_cmd (-rwxr-xr-x root root);printf;1;false;yes;
/bin/ult (-rwxr-xr-x root root);printf;1;false;yes;
/bin/epoll (-rwxr-xr-x root root);sprintf;1;false;yes;
/bin/UDPserver (-rwxr-xr-x root root);printf;1;false;yes;
/bin/flash (-rwxr-xr-x root root);mmap;1;false;yes;
/bin/wakeOnLanProxy (-rwxr-xr-x root root);sprintf;1;false;yes;
/bin/wscd (-rwxr-xr-x root root);fprintf;1;false;yes;
/bin/l2tpd (-rwxr-xr-x root root);mmap;1;false;yes;
/bin/acltd (-rwxr-xr-x root root);sprintf;1;false;yes;
/bin/rtk_cmd (-rwxr-xr-x root root);sprintf;1;false;yes;
/bin/6tunnel (-rwxr-xr-x root root);printf;1;false;yes;
/bin/usbmount2 (-rwxr-xr-x root root);printf;1;false;no;
/bin/auth (-rwxr-xr-x root root);mmap;1;true;yes;
/bin/pppoe-discovery (-rwxr-xr-x root root);printf;1;true;yes;
/bin/epoll (-rwxr-xr-x root root);strcat;1;false;yes;
/bin/ult (-rwxr-xr-x root root);sprintf;1;false;yes;
/bin/UDPserver (-rwxr-xr-x root root);sprintf;1;false;yes;
/bin/wakeOnLanProxy (-rwxr-xr-x root root);strcat;1;false;yes;
/bin/acltd (-rwxr-xr-x root root);strcat;1;false;yes;
/bin/rtk_cmd (-rwxr-xr-x root root);strcat;1;false;yes;
/bin/epoll (-rwxr-xr-x root root);strcpy;1;false;yes;
/bin/6tunnel (-rwxr-xr-x root root);sprintf;1;false;yes;
/bin/ult (-rwxr-xr-x root root);strcat;1;false;yes;
/bin/usbmount2 (-rwxr-xr-x root root);sprintf;1;false;no;
/bin/UDPserver (-rwxr-xr-x root root);strcat;1;false;yes;
/bin/wakeOnLanProxy (-rwxr-xr-x root root);strcpy;1;false;yes;
/bin/pppoe-discovery (-rwxr-xr-x root root);sprintf;1;true;yes;
/bin/flash (-rwxr-xr-x root root);popen;1;false;yes;
/bin/acltd (-rwxr-xr-x root root);strcpy;1;false;yes;
/bin/rtk_cmd (-rwxr-xr-x root root);strcpy;1;false;yes;
/bin/epoll (-rwxr-xr-x root root);system;1;false;yes;
/bin/l2tpd (-rwxr-xr-x root root);popen;1;false;yes;
/bin/UDPserver (-rwxr-xr-x root root);strcpy;1;false;yes;
/bin/ult (-rwxr-xr-x root root);strcpy;1;false;yes;
/bin/wakeOnLanProxy (-rwxr-xr-x root root);system;1;false;yes;
/bin/6tunnel (-rwxr-xr-x root root);strcat;1;false;yes;
/bin/usbmount2 (-rwxr-xr-x root root);strcat;1;false;no;
/bin/auth (-rwxr-xr-x root root);popen;1;true;yes;
/bin/pppoe-discovery (-rwxr-xr-x root root);strcat;1;true;yes;
/bin/acltd (-rwxr-xr-x root root);system;1;false;yes;
/bin/rtk_cmd (-rwxr-xr-x root root);system;1;false;yes;
/bin/iapp (-rwxr-xr-x root root);fprintf;1;false;yes;
/bin/ntfs-3g (-rwxr-xr-x root root);fprintf;1;true;no;
/bin/UDPserver (-rwxr-xr-x root root);system;1;false;yes;
/bin/ult (-rwxr-xr-x root root);system;1;false;yes;
/bin/6tunnel (-rwxr-xr-x root root);strcpy;1;false;yes;
/bin/usbmount2 (-rwxr-xr-x root root);strcpy;1;false;no;
/bin/nmbd (-rwxr-xr-x root root);fprintf;1;true;yes;
/bin/brctl (-rwxr-xr-x root root);fprintf;1;true;no;
/bin/pppoe-discovery (-rwxr-xr-x root root);strcpy;1;true;yes;
/bin/flash (-rwxr-xr-x root root);printf;1;false;yes;
/bin/wscd (-rwxr-xr-x root root);mmap;1;false;yes;
/bin/l2tpd (-rwxr-xr-x root root);printf;1;false;yes;
/bin/iapp (-rwxr-xr-x root root);mmap;1;false;yes;
/bin/igmpproxy (-rwxr-xr-x root root);fprintf;1;false;yes;
/bin/mldproxy (-rwxr-xr-x root root);fprintf;1;false;yes;
/bin/iwcontrol (-rwxr-xr-x root root);fprintf;1;false;no;
/bin/6tunnel (-rwxr-xr-x root root);system;1;false;yes;
/bin/brctl (-rwxr-xr-x root root);mmap;1;true;no;
/bin/usbmount2 (-rwxr-xr-x root root);system;1;false;no;
/bin/pppoe-discovery (-rwxr-xr-x root root);system;1;true;yes;
/bin/auth (-rwxr-xr-x root root);printf;1;true;yes;
/bin/iapp (-rwxr-xr-x root root);popen;1;false;yes;
/bin/ip6tables (-rwxr-xr-x root root);fprintf;1;true;no;
/bin/brctl (-rwxr-xr-x root root);popen;1;true;no;
/bin/igmpproxy (-rwxr-xr-x root root);mmap;1;false;yes;
/bin/mldproxy (-rwxr-xr-x root root);mmap;1;false;yes;
/bin/smbpasswd (-rwxr-xr-x root root);fprintf;1;true;no;
/bin/iwcontrol (-rwxr-xr-x root root);mmap;1;false;no;
/bin/l2tpd (-rwxr-xr-x root root);sprintf;1;false;yes;
/bin/iwpriv (-rwxr-xr-x root root);fprintf;1;true;no;
/bin/busybox (-rwxr-xr-x root root);fprintf;1;true;yes;
/bin/flash (-rwxr-xr-x root root);sprintf;1;false;yes;
/bin/iapp (-rwxr-xr-x root root);printf;1;false;yes;
/bin/lld2d (-rwxr-xr-x root root);fprintf;1;false;yes;
/bin/brctl (-rwxr-xr-x root root);printf;1;true;no;
/bin/smbpasswd (-rwxr-xr-x root root);mmap;1;true;no;
/bin/mldproxy (-rwxr-xr-x root root);popen;1;false;yes;
/bin/igmpproxy (-rwxr-xr-x root root);popen;1;false;yes;
/bin/iwpriv (-rwxr-xr-x root root);mmap;1;true;no;
/bin/iapp (-rwxr-xr-x root root);sprintf;1;false;yes;
/bin/iwcontrol (-rwxr-xr-x root root);popen;1;false;no;
/bin/brctl (-rwxr-xr-x root root);sprintf;1;true;no;
/bin/smbpasswd (-rwxr-xr-x root root);popen;1;true;no;
/bin/auth (-rwxr-xr-x root root);sprintf;1;true;yes;
/bin/lld2d (-rwxr-xr-x root root);mmap;1;false;yes;
/bin/mldproxy (-rwxr-xr-x root root);printf;1;false;yes;
/bin/iwpriv (-rwxr-xr-x root root);popen;1;true;no;
/bin/l2tpd (-rwxr-xr-x root root);strcat;1;false;yes;
/bin/igmpproxy (-rwxr-xr-x root root);printf;1;false;yes;
/bin/iapp (-rwxr-xr-x root root);strcat;1;false;yes;
/bin/brctl (-rwxr-xr-x root root);strcat;1;true;no;
/bin/wscd (-rwxr-xr-x root root);popen;1;false;yes;
/bin/flash (-rwxr-xr-x root root);strcat;1;false;yes;
/bin/ip6tables (-rwxr-xr-x root root);mmap;1;true;no;
/bin/iwcontrol (-rwxr-xr-x root root);printf;1;false;no;
/bin/smbpasswd (-rwxr-xr-x root root);printf;1;true;no;
/bin/mldproxy (-rwxr-xr-x root root);sprintf;1;false;yes;
/bin/iwpriv (-rwxr-xr-x root root);printf;1;true;no;
/bin/brctl (-rwxr-xr-x root root);strcpy;1;true;no;
/bin/iapp (-rwxr-xr-x root root);strcpy;1;false;yes;
/bin/smbpasswd (-rwxr-xr-x root root);sprintf;1;true;no;
/bin/lld2d (-rwxr-xr-x root root);popen;1;false;yes;
/bin/igmpproxy (-rwxr-xr-x root root);sprintf;1;false;yes;
/bin/iwcontrol (-rwxr-xr-x root root);sprintf;1;false;no;
/bin/iwpriv (-rwxr-xr-x root root);sprintf;1;true;no;
/bin/l2tpd (-rwxr-xr-x root root);strcpy;1;false;yes;
/bin/mldproxy (-rwxr-xr-x root root);strcat;1;false;yes;
/bin/iapp (-rwxr-xr-x root root);system;1;false;yes;
/bin/smbpasswd (-rwxr-xr-x root root);strcat;1;true;no;
/bin/brctl (-rwxr-xr-x root root);system;1;true;no;
/bin/ntfs-3g (-rwxr-xr-x root root);mmap;1;true;no;
/bin/auth (-rwxr-xr-x root root);strcat;1;true;yes;
/bin/flash (-rwxr-xr-x root root);strcpy;1;false;yes;
/bin/smbd (-rwxr-xr-x root root);fprintf;1;true;yes;
/bin/igmpproxy (-rwxr-xr-x root root);strcat;1;false;yes;
/bin/iwcontrol (-rwxr-xr-x root root);strcat;1;false;no;
/bin/iwpriv (-rwxr-xr-x root root);strcat;1;true;no;
/bin/lld2d (-rwxr-xr-x root root);printf;1;false;yes;
/bin/smbpasswd (-rwxr-xr-x root root);strcpy;1;true;no;
/bin/mldproxy (-rwxr-xr-x root root);strcpy;1;false;yes;
/bin/ip6tables (-rwxr-xr-x root root);popen;1;true;no;
/bin/pppoe (-rwxr-xr-x root root);fprintf;1;true;yes;
/bin/nmbd (-rwxr-xr-x root root);mmap;1;true;yes;
/bin/smbpasswd (-rwxr-xr-x root root);system;1;true;no;
/bin/iwpriv (-rwxr-xr-x root root);strcpy;1;true;no;
/bin/igmpproxy (-rwxr-xr-x root root);strcpy;1;false;yes;
/bin/iwcontrol (-rwxr-xr-x root root);strcpy;1;false;no;
/bin/wscd (-rwxr-xr-x root root);printf;1;false;yes;
/bin/l2tpd (-rwxr-xr-x root root);system;1;false;yes;
/bin/mldproxy (-rwxr-xr-x root root);system;1;false;yes;
/bin/lld2d (-rwxr-xr-x root root);sprintf;1;false;yes;
/bin/flash (-rwxr-xr-x root root);system;1;false;yes;
/bin/iwpriv (-rwxr-xr-x root root);system;1;true;no;
/bin/auth (-rwxr-xr-x root root);strcpy;1;true;yes;
/bin/pppoe (-rwxr-xr-x root root);mmap;1;true;yes;
/bin/igmpproxy (-rwxr-xr-x root root);system;1;false;yes;
/bin/iwcontrol (-rwxr-xr-x root root);system;1;false;no;
/bin/pppoe-server (-rwxr-xr-x root root);fprintf;1;true;yes;
/bin/lld2d (-rwxr-xr-x root root);strcat;1;false;yes;
/bin/routed (-rwxr-xr-x root root);fprintf;1;false;yes;
/bin/pppoe (-rwxr-xr-x root root);popen;1;true;yes;
/bin/ip6tables (-rwxr-xr-x root root);printf;1;true;no;
/bin/pppoe-relay (-rwxr-xr-x root root);fprintf;1;true;yes;
/bin/pppd (-rwxr-xr-x root root);fprintf;1;true;yes;
/bin/pptp (-rwxr-xr-x root root);fprintf;1;true;yes;
/bin/auth (-rwxr-xr-x root root);system;1;true;yes;
/bin/lld2d (-rwxr-xr-x root root);strcpy;1;false;yes;
/bin/pppoe (-rwxr-xr-x root root);printf;1;true;yes;
/bin/pppoe-server (-rwxr-xr-x root root);mmap;1;true;yes;
/bin/tc (-rwxr-xr-x root root);fprintf;1;true;yes;
/bin/routed (-rwxr-xr-x root root);mmap;1;false;yes;
/bin/pppoe-relay (-rwxr-xr-x root root);mmap;1;true;yes;
/bin/wscd (-rwxr-xr-x root root);sprintf;1;false;yes;
/bin/disktype (-rwxr-xr-x root root);fprintf;1;false;no;
/bin/pppoe (-rwxr-xr-x root root);sprintf;1;true;yes;
/bin/busybox (-rwxr-xr-x root root);mmap;1;true;yes;
/bin/lld2d (-rwxr-xr-x root root);system;1;false;yes;
/bin/ip (-rwxr-xr-x root root);fprintf;1;true;yes;
/bin/pppoe-server (-rwxr-xr-x root root);popen;1;true;yes;
/bin/pptp (-rwxr-xr-x root root);mmap;1;true;yes;
/bin/iptables (-rwxr-xr-x root root);fprintf;1;true;no;
/bin/pppoe-relay (-rwxr-xr-x root root);popen;1;true;yes;
/bin/disktype (-rwxr-xr-x root root);mmap;1;false;no;
/bin/ip6tables (-rwxr-xr-x root root);sprintf;1;true;no;
/bin/ntfs-3g (-rwxr-xr-x root root);popen;1;true;no;
/bin/pppoe (-rwxr-xr-x root root);strcat;1;true;yes;
/bin/routed (-rwxr-xr-x root root);popen;1;false;yes;
/bin/tc (-rwxr-xr-x root root);mmap;1;true;yes;
/bin/disktype (-rwxr-xr-x root root);popen;1;false;no;
/bin/pppoe-relay (-rwxr-xr-x root root);printf;1;true;yes;
/bin/pppoe-server (-rwxr-xr-x root root);printf;1;true;yes;
/bin/pptp (-rwxr-xr-x root root);popen;1;true;yes;
/bin/pppoe (-rwxr-xr-x root root);strcpy;1;true;yes;
/bin/pppd (-rwxr-xr-x root root);mmap;1;true;yes;
/bin/nmbd (-rwxr-xr-x root root);popen;1;true;yes;
/bin/disktype (-rwxr-xr-x root root);printf;1;false;no;
/sbin/dnsmasq (-rwxr-xr-x root root);fprintf;1;true;yes;
/bin/pppoe-relay (-rwxr-xr-x root root);sprintf;1;true;yes;
/bin/routed (-rwxr-xr-x root root);printf;1;false;yes;
/bin/pppoe-server (-rwxr-xr-x root root);sprintf;1;true;yes;
/bin/pppoe (-rwxr-xr-x root root);system;1;true;yes;
/bin/wscd (-rwxr-xr-x root root);strcat;1;false;yes;
/bin/ip6tables (-rwxr-xr-x root root);strcat;1;true;no;
/bin/iptables (-rwxr-xr-x root root);mmap;1;true;no;
/bin/disktype (-rwxr-xr-x root root);sprintf;1;false;no;
/bin/pppoe-relay (-rwxr-xr-x root root);strcat;1;true;yes;
/bin/pptp (-rwxr-xr-x root root);printf;1;true;yes;
/bin/ip (-rwxr-xr-x root root);mmap;1;true;yes;
/bin/pppoe-server (-rwxr-xr-x root root);strcat;1;true;yes;
/bin/routed (-rwxr-xr-x root root);sprintf;1;false;yes;
/bin/tc (-rwxr-xr-x root root);popen;1;true;yes;
/bin/pppoe-relay (-rwxr-xr-x root root);strcpy;1;true;yes;
/bin/disktype (-rwxr-xr-x root root);strcat;1;false;no;
/sbin/dnsmasq (-rwxr-xr-x root root);mmap;1;true;yes;
/bin/pptp (-rwxr-xr-x root root);sprintf;1;true;yes;
/bin/pppoe-server (-rwxr-xr-x root root);strcpy;1;true;yes;
/bin/disktype (-rwxr-xr-x root root);strcpy;1;false;no;
/bin/pppoe-relay (-rwxr-xr-x root root);system;1;true;yes;
/bin/routed (-rwxr-xr-x root root);strcat;1;false;yes;
/bin/ip6tables (-rwxr-xr-x root root);strcpy;1;true;no;
/bin/iptables (-rwxr-xr-x root root);popen;1;true;no;
/bin/smbd (-rwxr-xr-x root root);mmap;1;true;yes;
/bin/wscd (-rwxr-xr-x root root);strcpy;1;false;yes;
/sbin/mtd_write (-rwxr-xr-x root root);fprintf;1;false;no;
/bin/pppd (-rwxr-xr-x root root);popen;1;true;yes;
/bin/disktype (-rwxr-xr-x root root);system;1;false;no;
/bin/pppoe-server (-rwxr-xr-x root root);system;1;true;yes;
/bin/pptp (-rwxr-xr-x root root);strcat;1;true;yes;
/sbin/mtd_write (-rwxr-xr-x root root);mmap;1;false;no;
/bin/ntfs-3g (-rwxr-xr-x root root);printf;1;true;no;
/bin/ip (-rwxr-xr-x root root);popen;1;true;yes;
/bin/tc (-rwxr-xr-x root root);printf;1;true;yes;
/bin/routed (-rwxr-xr-x root root);strcpy;1;false;yes;
/sbin/dnsmasq (-rwxr-xr-x root root);popen;1;true;yes;
/sbin/lanmapd2 (-rwxr-xr-x root root);fprintf;1;false;yes;
/sbin/mtd_write (-rwxr-xr-x root root);popen;1;false;no;
/bin/pptp (-rwxr-xr-x root root);strcpy;1;true;yes;
/bin/ip6tables (-rwxr-xr-x root root);system;1;true;no;
/sbin/mtd_write (-rwxr-xr-x root root);printf;1;false;no;
/sbin/lanmapd2 (-rwxr-xr-x root root);mmap;1;false;yes;
/bin/iptables (-rwxr-xr-x root root);printf;1;true;no;
/bin/routed (-rwxr-xr-x root root);system;1;false;yes;
/bin/nmbd (-rwxr-xr-x root root);printf;1;true;yes;
/bin/busybox (-rwxr-xr-x root root);popen;1;true;yes;
/sbin/mtd_write (-rwxr-xr-x root root);sprintf;1;false;no;
/sbin/dnsmasq (-rwxr-xr-x root root);printf;1;true;yes;
/sbin/resetd (-rwxr-xr-x root root);fprintf;1;false;no;
/sbin/tftpd (-rwxr-xr-x root root);fprintf;1;true;yes;
/bin/wscd (-rwxr-xr-x root root);system;1;false;yes;
/bin/pptp (-rwxr-xr-x root root);system;1;true;yes;
/sbin/mtd_write (-rwxr-xr-x root root);strcat;1;false;no;
/bin/tc (-rwxr-xr-x root root);sprintf;1;true;yes;
/sbin/lanmapd2 (-rwxr-xr-x root root);popen;1;false;yes;
/sbin/dhcp6s (-rwxr-xr-x root root);fprintf;1;false;yes;
/sbin/resetd (-rwxr-xr-x root root);mmap;1;false;no;
/bin/pppd (-rwxr-xr-x root root);printf;1;true;yes;
/sbin/dumpleases (-rwxr-xr-x root root);fprintf;1;false;no;
/sbin/app_sync (-rwxr-xr-x root root);fprintf;1;false;yes;
/sbin/tftpd (-rwxr-xr-x root root);mmap;1;true;yes;
/sbin/resetd (-rwxr-xr-x root root);popen;1;false;no;
/sbin/mtd_write (-rwxr-xr-x root root);strcpy;1;false;no;
/bin/ip (-rwxr-xr-x root root);printf;1;true;yes;
/sbin/app_sync (-rwxr-xr-x root root);mmap;1;false;yes;
/sbin/dumpleases (-rwxr-xr-x root root);mmap;1;false;no;
/sbin/lanmapd2 (-rwxr-xr-x root root);printf;1;false;yes;
/sbin/resetd (-rwxr-xr-x root root);printf;1;false;no;
/sbin/mtd_write (-rwxr-xr-x root root);system;1;false;no;
/sbin/tftpd (-rwxr-xr-x root root);popen;1;true;yes;
/sbin/dumpleases (-rwxr-xr-x root root);popen;1;false;no;
/sbin/app_sync (-rwxr-xr-x root root);popen;1;false;yes;
/bin/iptables (-rwxr-xr-x root root);sprintf;1;true;no;
/sbin/dnsmasq (-rwxr-xr-x root root);sprintf;1;true;yes;
/sbin/resetd (-rwxr-xr-x root root);sprintf;1;false;no;
/sbin/dumpleases (-rwxr-xr-x root root);printf;1;false;no;
/sbin/app_sync (-rwxr-xr-x root root);printf;1;false;yes;
/sbin/lanmapd2 (-rwxr-xr-x root root);sprintf;1;false;yes;
/sbin/resetd (-rwxr-xr-x root root);strcat;1;false;no;
/sbin/tftpd (-rwxr-xr-x root root);printf;1;true;yes;
/bin/tc (-rwxr-xr-x root root);strcat;1;true;yes;
/sbin/dumpleases (-rwxr-xr-x root root);sprintf;1;false;no;
/sbin/app_sync (-rwxr-xr-x root root);sprintf;1;false;yes;
/sbin/resetd (-rwxr-xr-x root root);strcpy;1;false;no;
/sbin/dhcp6s (-rwxr-xr-x root root);mmap;1;false;yes;
/bin/ntfs-3g (-rwxr-xr-x root root);sprintf;1;true;no;
/sbin/dumpleases (-rwxr-xr-x root root);strcat;1;false;no;
/sbin/lanmapd2 (-rwxr-xr-x root root);strcat;1;false;yes;
/sbin/tftpd (-rwxr-xr-x root root);sprintf;1;true;yes;
/sbin/app_sync (-rwxr-xr-x root root);strcat;1;false;yes;
/sbin/resetd (-rwxr-xr-x root root);system;1;false;no;
/sbin/signalc (-rwxr-xr-x root root);fprintf;1;false;yes;
/sbin/dumpleases (-rwxr-xr-x root root);strcpy;1;false;no;
/sbin/dnsmasq (-rwxr-xr-x root root);strcat;1;true;yes;
/bin/pppd (-rwxr-xr-x root root);sprintf;1;true;yes;
/sbin/app_sync (-rwxr-xr-x root root);strcpy;1;false;yes;
/sbin/tftpd (-rwxr-xr-x root root);strcat;1;true;yes;
/bin/ip (-rwxr-xr-x root root);sprintf;1;true;yes;
/sbin/dumpleases (-rwxr-xr-x root root);system;1;false;no;
/sbin/lanmapd2 (-rwxr-xr-x root root);strcpy;1;false;yes;
/bin/iptables (-rwxr-xr-x root root);strcat;1;true;no;
/sbin/proxy (-rwxr-xr-x root root);fprintf;1;true;yes;
/sbin/app_sync (-rwxr-xr-x root root);system;1;false;yes;
/sbin/getBootVersion (-rwxr-xr-x root root);fprintf;1;false;no;
/sbin/tftpd (-rwxr-xr-x root root);strcpy;1;true;yes;
/sbin/proxy (-rwxr-xr-x root root);mmap;1;true;yes;
/sbin/getBootVersion (-rwxr-xr-x root root);mmap;1;false;no;
/bin/tc (-rwxr-xr-x root root);strcpy;1;true;yes;
/sbin/lanmapd2 (-rwxr-xr-x root root);system;1;false;yes;
/sbin/bulkagent (-rwxr-xr-x root root);fprintf;1;false;no;
/sbin/signalc (-rwxr-xr-x root root);mmap;1;false;yes;
/sbin/dnsmasq (-rwxr-xr-x root root);strcpy;1;true;yes;
/sbin/getBootVersion (-rwxr-xr-x root root);popen;1;false;no;
/sbin/tftpd (-rwxr-xr-x root root);system;1;true;yes;
/sbin/dhcp6s (-rwxr-xr-x root root);popen;1;false;yes;
/bin/nmbd (-rwxr-xr-x root root);sprintf;1;true;yes;
/sbin/bulkagent (-rwxr-xr-x root root);mmap;1;false;no;
/sbin/proxy (-rwxr-xr-x root root);popen;1;true;yes;
/sbin/ntpclient (-rwxr-xr-x root root);fprintf;1;false;yes;
/sbin/getBootVersion (-rwxr-xr-x root root);printf;1;false;no;
/sbin/lang_merge (-rwxr-xr-x root root);fprintf;1;false;no;
/sbin/getBootVersion (-rwxr-xr-x root root);sprintf;1;false;no;
/sbin/bulkagent (-rwxr-xr-x root root);popen;1;false;no;
/sbin/proxy (-rwxr-xr-x root root);printf;1;true;yes;
/bin/smbd (-rwxr-xr-x root root);popen;1;true;yes;
/bin/iptables (-rwxr-xr-x root root);strcpy;1;true;no;
/sbin/ntpclient (-rwxr-xr-x root root);mmap;1;false;yes;
/bin/ip (-rwxr-xr-x root root);strcat;1;true;yes;
/sbin/signalc (-rwxr-xr-x root root);popen;1;false;yes;
/sbin/lang_merge (-rwxr-xr-x root root);mmap;1;false;no;
/bin/busybox (-rwxr-xr-x root root);printf;1;true;yes;
/sbin/getBootVersion (-rwxr-xr-x root root);strcat;1;false;no;
/sbin/dnsmasq (-rwxr-xr-x root root);system;1;true;yes;
/sbin/bulkagent (-rwxr-xr-x root root);printf;1;false;no;
/sbin/proxy (-rwxr-xr-x root root);sprintf;1;true;yes;
/bin/pppd (-rwxr-xr-x root root);strcat;1;true;yes;
/bin/tc (-rwxr-xr-x root root);system;1;true;yes;
/sbin/getBootVersion (-rwxr-xr-x root root);strcpy;1;false;no;
/sbin/lang_merge (-rwxr-xr-x root root);popen;1;false;no;
/sbin/ntpclient (-rwxr-xr-x root root);popen;1;false;yes;
/sbin/bulkagent (-rwxr-xr-x root root);sprintf;1;false;no;
/sbin/getBootVersion (-rwxr-xr-x root root);system;1;false;no;
/sbin/proxy (-rwxr-xr-x root root);strcat;1;true;yes;
/bin/ntfs-3g (-rwxr-xr-x root root);strcat;1;true;no;
/sbin/dhcp6s (-rwxr-xr-x root root);printf;1;false;yes;
/sbin/lang_merge (-rwxr-xr-x root root);printf;1;false;no;
/sbin/ntpclient (-rwxr-xr-x root root);printf;1;false;yes;
/sbin/bulkUpgrade (-rwxr-xr-x root root);fprintf;1;false;no;
/sbin/bulkagent (-rwxr-xr-x root root);strcat;1;false;no;
/sbin/radvd (-rwxr-xr-x root root);fprintf;1;true;yes;
/sbin/signalc (-rwxr-xr-x root root);printf;1;false;yes;
/sbin/proxy (-rwxr-xr-x root root);strcpy;1;true;yes;
/sbin/lang_merge (-rwxr-xr-x root root);sprintf;1;false;no;
/bin/iptables (-rwxr-xr-x root root);system;1;true;no;
/sbin/tsa (-rwxr-xr-x root root);fprintf;1;false;yes;
/sbin/bulkUpgrade (-rwxr-xr-x root root);mmap;1;false;no;
/sbin/bulkagent (-rwxr-xr-x root root);strcpy;1;false;no;
/sbin/ntpclient (-rwxr-xr-x root root);sprintf;1;false;yes;
/sbin/proxy (-rwxr-xr-x root root);system;1;true;yes;
/sbin/ncc2 (-rwxr-xr-x root root);fprintf;1;false;yes;
/sbin/lang_merge (-rwxr-xr-x root root);strcat;1;false;no;
/sbin/bulkagent (-rwxr-xr-x root root);system;1;false;no;
/sbin/bulkUpgrade (-rwxr-xr-x root root);popen;1;false;no;
/bin/ip (-rwxr-xr-x root root);strcpy;1;true;yes;
/sbin/lang_merge (-rwxr-xr-x root root);strcpy;1;false;no;
/sbin/radvd (-rwxr-xr-x root root);mmap;1;true;yes;
/sbin/ntpclient (-rwxr-xr-x root root);strcat;1;false;yes;
/sbin/bulkUpgrade (-rwxr-xr-x root root);printf;1;false;no;
/sbin/signalc (-rwxr-xr-x root root);sprintf;1;false;yes;
/bin/pppd (-rwxr-xr-x root root);strcpy;1;true;yes;
/sbin/udhcpc (-rwxr-xr-x root root);fprintf;1;false;yes;
/sbin/tsa (-rwxr-xr-x root root);mmap;1;false;yes;
/sbin/dhcp6s (-rwxr-xr-x root root);sprintf;1;false;yes;
/sbin/lang_merge (-rwxr-xr-x root root);system;1;false;no;
/sbin/bulkUpgrade (-rwxr-xr-x root root);sprintf;1;false;no;
/sbin/ntpclient (-rwxr-xr-x root root);strcpy;1;false;yes;
/sbin/udhcpd (-rwxr-xr-x root root);fprintf;1;false;yes;
/bin/nmbd (-rwxr-xr-x root root);strcat;1;true;yes;
/sbin/udhcpc (-rwxr-xr-x root root);mmap;1;false;yes;
/sbin/mdb (-rwxr-xr-x root root);fprintf;1;false;no;
/sbin/bulkUpgrade (-rwxr-xr-x root root);strcat;1;false;no;
/sbin/radvd (-rwxr-xr-x root root);popen;1;true;yes;
/sbin/mdb (-rwxr-xr-x root root);mmap;1;false;no;
/sbin/ntpclient (-rwxr-xr-x root root);system;1;false;yes;
/sbin/tsa (-rwxr-xr-x root root);popen;1;false;yes;
/sbin/dhcp6c (-rwxr-xr-x root root);fprintf;1;false;yes;
/sbin/bulkUpgrade (-rwxr-xr-x root root);strcpy;1;false;no;
/sbin/signalc (-rwxr-xr-x root root);strcat;1;false;yes;
/sbin/udhcpc (-rwxr-xr-x root root);popen;1;false;yes;
/sbin/mdb (-rwxr-xr-x root root);popen;1;false;no;
/sbin/udhcpd (-rwxr-xr-x root root);mmap;1;false;yes;
/sbin/bulkUpgrade (-rwxr-xr-x root root);system;1;false;no;
/sbin/mdb (-rwxr-xr-x root root);printf;1;false;no;
/bin/ntfs-3g (-rwxr-xr-x root root);strcpy;1;true;no;
/bin/ip (-rwxr-xr-x root root);system;1;true;yes;
/sbin/dhcp6s (-rwxr-xr-x root root);strcat;1;false;yes;
/sbin/udhcpc (-rwxr-xr-x root root);printf;1;false;yes;
/sbin/radvd (-rwxr-xr-x root root);printf;1;true;yes;
/sbin/mdb (-rwxr-xr-x root root);sprintf;1;false;no;
/sbin/tsa (-rwxr-xr-x root root);printf;1;false;yes;
/sbin/udhcpd (-rwxr-xr-x root root);popen;1;false;yes;
/bin/pppd (-rwxr-xr-x root root);system;1;true;yes;
/sbin/mdb (-rwxr-xr-x root root);strcat;1;false;no;
/sbin/fwUpgrade (-rwxr-xr-x root root);fprintf;1;false;no;
/bin/busybox (-rwxr-xr-x root root);sprintf;1;true;yes;
/sbin/signalc (-rwxr-xr-x root root);strcpy;1;false;yes;
/sbin/udhcpc (-rwxr-xr-x root root);sprintf;1;false;yes;
/sbin/mdb (-rwxr-xr-x root root);strcpy;1;false;no;
/sbin/udhcpd (-rwxr-xr-x root root);printf;1;false;yes;
/sbin/mdb (-rwxr-xr-x root root);system;1;false;no;
/sbin/tsa (-rwxr-xr-x root root);sprintf;1;false;yes;
/sbin/mDNSResponderPosix (-rwxr-xr-x root root);fprintf;1;false;yes;
/sbin/mailsend (-rwxr-xr-x root root);fprintf;1;false;no;
/sbin/fwUpgrade (-rwxr-xr-x root root);mmap;1;false;no;
/sbin/radvd (-rwxr-xr-x root root);sprintf;1;true;yes;
/sbin/dhcp6c (-rwxr-xr-x root root);mmap;1;false;yes;
/sbin/udhcpc (-rwxr-xr-x root root);strcat;1;false;yes;
/sbin/signalc (-rwxr-xr-x root root);system;1;false;yes;
/sbin/udhcpd (-rwxr-xr-x root root);sprintf;1;false;yes;
/sbin/dhcp6s (-rwxr-xr-x root root);strcpy;1;false;yes;
/sbin/upnpc (-rwxr-xr-x root root);fprintf;1;false;yes;
/sbin/jjhttpd (-rwxr-xr-x root root);fprintf;1;false;yes;
/sbin/mailsend (-rwxr-xr-x root root);mmap;1;false;no;
/bin/nmbd (-rwxr-xr-x root root);strcpy;1;true;yes;
/sbin/fwUpgrade (-rwxr-xr-x root root);popen;1;false;no;
/sbin/tsa (-rwxr-xr-x root root);strcat;1;false;yes;
/sbin/udhcpc (-rwxr-xr-x root root);strcpy;1;false;yes;
/bin/smbd (-rwxr-xr-x root root);printf;1;true;yes;
/sbin/radvd (-rwxr-xr-x root root);strcat;1;true;yes;
/sbin/udhcpd (-rwxr-xr-x root root);strcat;1;false;yes;
/sbin/upnpc (-rwxr-xr-x root root);mmap;1;false;yes;
/sbin/udhcpc (-rwxr-xr-x root root);system;1;false;yes;
/sbin/fwUpgrade (-rwxr-xr-x root root);printf;1;false;no;
/bin/ntfs-3g (-rwxr-xr-x root root);system;1;true;no;
/sbin/mailsend (-rwxr-xr-x root root);popen;1;false;no;
/sbin/udhcpd (-rwxr-xr-x root root);strcpy;1;false;yes;
/sbin/tsa (-rwxr-xr-x root root);strcpy;1;false;yes;
/sbin/mDNSResponderPosix (-rwxr-xr-x root root);mmap;1;false;yes;
/sbin/upnpc (-rwxr-xr-x root root);popen;1;false;yes;
/sbin/pppListener (-rwxr-xr-x root root);fprintf;1;false;yes;
/sbin/miniupnpd (-rwxr-xr-x root root);fprintf;1;false;yes;
/sbin/radvd (-rwxr-xr-x root root);strcpy;1;true;yes;
/sbin/dhcp6c (-rwxr-xr-x root root);popen;1;false;yes;
/sbin/dhcp6s (-rwxr-xr-x root root);system;1;false;yes;
/sbin/rdnssd (-rwxr-xr-x root root);fprintf;1;true;yes;
/sbin/fwUpgrade (-rwxr-xr-x root root);sprintf;1;false;no;
/sbin/pppListener (-rwxr-xr-x root root);mmap;1;false;yes;
/sbin/jjhttpd (-rwxr-xr-x root root);mmap;1;false;yes;
/sbin/mailsend (-rwxr-xr-x root root);printf;1;false;no;
/sbin/upnpc (-rwxr-xr-x root root);printf;1;false;yes;
/sbin/udhcpd (-rwxr-xr-x root root);system;1;false;yes;
/sbin/rdisc6 (-rwxr-xr-x root root);fprintf;1;true;no;
/sbin/tsa (-rwxr-xr-x root root);system;1;false;yes;
/sbin/pppListener (-rwxr-xr-x root root);popen;1;false;yes;
/sbin/rdnssd (-rwxr-xr-x root root);mmap;1;true;yes;
/sbin/rdisc6 (-rwxr-xr-x root root);mmap;1;true;no;
/sbin/fwUpgrade (-rwxr-xr-x root root);strcat;1;false;no;
/sbin/get_set (-rwxr-xr-x root root);fprintf;1;false;no;
/sbin/pppListener (-rwxr-xr-x root root);printf;1;false;yes;
/sbin/upnpc (-rwxr-xr-x root root);sprintf;1;false;yes;
/sbin/mailsend (-rwxr-xr-x root root);sprintf;1;false;no;
/sbin/rdisc6 (-rwxr-xr-x root root);popen;1;true;no;
/sbin/radvd (-rwxr-xr-x root root);system;1;true;yes;
/sbin/drws (-rwxr-xr-x root root);fprintf;1;false;no;
/sbin/get_set (-rwxr-xr-x root root);mmap;1;false;no;
/sbin/miniupnpd (-rwxr-xr-x root root);mmap;1;false;yes;
/sbin/pppListener (-rwxr-xr-x root root);sprintf;1;false;yes;
/sbin/rdnssd (-rwxr-xr-x root root);popen;1;true;yes;
/sbin/mDNSResponderPosix (-rwxr-xr-x root root);popen;1;false;yes;
/bin/busybox (-rwxr-xr-x root root);strcat;1;true;yes;
/sbin/rdisc6 (-rwxr-xr-x root root);printf;1;true;no;
/sbin/fwUpgrade (-rwxr-xr-x root root);strcpy;1;false;no;
/sbin/get_set (-rwxr-xr-x root root);popen;1;false;no;
/sbin/upnpc (-rwxr-xr-x root root);strcat;1;false;yes;
/sbin/noip2 (-rwxr-xr-x root root);fprintf;1;false;no;
/sbin/pppListener (-rwxr-xr-x root root);strcat;1;false;yes;
/sbin/dhcp6c (-rwxr-xr-x root root);printf;1;false;yes;
/sbin/drws (-rwxr-xr-x root root);mmap;1;false;no;
/sbin/rdisc6 (-rwxr-xr-x root root);sprintf;1;true;no;
/bin/nmbd (-rwxr-xr-x root root);system;1;true;yes;
/sbin/mailsend (-rwxr-xr-x root root);strcat;1;false;no;
/sbin/get_set (-rwxr-xr-x root root);printf;1;false;no;
/sbin/rdnssd (-rwxr-xr-x root root);printf;1;true;yes;
/sbin/rdisc6 (-rwxr-xr-x root root);strcat;1;true;no;
/sbin/pppListener (-rwxr-xr-x root root);strcpy;1;false;yes;
/sbin/fwUpgrade (-rwxr-xr-x root root);system;1;false;no;
/sbin/jjhttpd (-rwxr-xr-x root root);popen;1;false;yes;
/sbin/noip2 (-rwxr-xr-x root root);mmap;1;false;no;
/sbin/bulkListen (-rwxr-xr-x root root);fprintf;1;false;yes;
/sbin/get_set (-rwxr-xr-x root root);sprintf;1;false;no;
/sbin/drws (-rwxr-xr-x root root);popen;1;false;no;
/sbin/ncc2 (-rwxr-xr-x root root);mmap;1;false;yes;
/sbin/rdisc6 (-rwxr-xr-x root root);strcpy;1;true;no;
/sbin/upnpc (-rwxr-xr-x root root);strcpy;1;false;yes;
/sbin/pppListener (-rwxr-xr-x root root);system;1;false;yes;
/sbin/bulkListen (-rwxr-xr-x root root);mmap;1;false;yes;
/sbin/dhcp_discover (-rwxr-xr-x root root);fprintf;1;false;yes;
/sbin/rdnssd (-rwxr-xr-x root root);sprintf;1;true;yes;
/sbin/get_set (-rwxr-xr-x root root);strcat;1;false;no;
/sbin/noip2 (-rwxr-xr-x root root);popen;1;false;no;
/sbin/miniupnpd (-rwxr-xr-x root root);popen;1;false;yes;
/sbin/mailsend (-rwxr-xr-x root root);strcpy;1;false;no;
/sbin/rdisc6 (-rwxr-xr-x root root);system;1;true;no;
/sbin/bulkListen (-rwxr-xr-x root root);popen;1;false;yes;
/sbin/get_set (-rwxr-xr-x root root);strcpy;1;false;no;
/lib/libbulk.so (-rwxr-xr-x root root);fprintf;1;false;no;
/sbin/dhcp_discover (-rwxr-xr-x root root);mmap;1;false;yes;
/sbin/drws (-rwxr-xr-x root root);printf;1;false;no;
/sbin/mDNSResponderPosix (-rwxr-xr-x root root);printf;1;false;yes;
/sbin/noip2 (-rwxr-xr-x root root);printf;1;false;no;
/sbin/upnpc (-rwxr-xr-x root root);system;1;false;yes;
/sbin/bulkListen (-rwxr-xr-x root root);printf;1;false;yes;
/sbin/rdnssd (-rwxr-xr-x root root);strcat;1;true;yes;
/sbin/get_set (-rwxr-xr-x root root);system;1;false;no;
/lib/ld-uClibc-0.9.30.3.so (-rwxr-xr-x root root);fprintf;1;false;no;
/lib/libbulk.so (-rwxr-xr-x root root);mmap;1;false;no;
/sbin/dhcp_discover (-rwxr-xr-x root root);popen;1;false;yes;
/sbin/mailsend (-rwxr-xr-x root root);system;1;false;no;
/sbin/bulkListen (-rwxr-xr-x root root);sprintf;1;false;yes;
/sbin/noip2 (-rwxr-xr-x root root);sprintf;1;false;no;
/sbin/dhcp6c (-rwxr-xr-x root root);sprintf;1;false;yes;
/sbin/drws (-rwxr-xr-x root root);sprintf;1;false;no;
/lib/libbulk.so (-rwxr-xr-x root root);popen;1;false;no;
/lib/libcrypt-0.9.30.3.so (-rwxr-xr-x root root);fprintf;1;false;no;
/sbin/dhcp_discover (-rwxr-xr-x root root);printf;1;false;yes;
/lib/ld-uClibc-0.9.30.3.so (-rwxr-xr-x root root);mmap;1;false;no;
/sbin/rdnssd (-rwxr-xr-x root root);strcpy;1;true;yes;
/sbin/bulkListen (-rwxr-xr-x root root);strcat;1;false;yes;
/lib/libbulk.so (-rwxr-xr-x root root);printf;1;false;no;
/sbin/miniupnpd (-rwxr-xr-x root root);printf;1;false;yes;
/sbin/noip2 (-rwxr-xr-x root root);strcat;1;false;no;
/lib/libcrypt-0.9.30.3.so (-rwxr-xr-x root root);mmap;1;false;no;
/sbin/dhcp_discover (-rwxr-xr-x root root);sprintf;1;false;yes;
/sbin/jjhttpd (-rwxr-xr-x root root);printf;1;false;yes;
/sbin/drws (-rwxr-xr-x root root);strcat;1;false;no;
/lib/ld-uClibc-0.9.30.3.so (-rwxr-xr-x root root);popen;1;false;no;
/sbin/bulkListen (-rwxr-xr-x root root);strcpy;1;false;yes;
/bin/smbd (-rwxr-xr-x root root);sprintf;1;true;yes;
/sbin/rdnssd (-rwxr-xr-x root root);system;1;true;yes;
/lib/libbulk.so (-rwxr-xr-x root root);sprintf;1;false;no;
/sbin/dhcp_discover (-rwxr-xr-x root root);strcat;1;false;yes;
/lib/libcrypt-0.9.30.3.so (-rwxr-xr-x root root);popen;1;false;no;
/sbin/noip2 (-rwxr-xr-x root root);strcpy;1;false;no;
/sbin/bulkListen (-rwxr-xr-x root root);system;1;false;yes;
/sbin/mDNSResponderPosix (-rwxr-xr-x root root);sprintf;1;false;yes;
/lib/libleopard.so (-rwxr-xr-x root root);fprintf;1;false;yes;
/lib/ld-uClibc-0.9.30.3.so (-rwxr-xr-x root root);printf;1;false;no;
/lib/libbulk.so (-rwxr-xr-x root root);strcat;1;false;no;
/sbin/drws (-rwxr-xr-x root root);strcpy;1;false;no;
/lib/libncc_comm.so (-rwxr-xr-x root root);fprintf;1;false;yes;
/sbin/dhcp_discover (-rwxr-xr-x root root);strcpy;1;false;yes;
/lib/libcrypt-0.9.30.3.so (-rwxr-xr-x root root);printf;1;false;no;
/sbin/noip2 (-rwxr-xr-x root root);system;1;false;no;
/lib/libgcc_s.so.1 (-rwxr-xr-x root root);fprintf;1;true;no;
/lib/libbulk.so (-rwxr-xr-x root root);strcpy;1;false;no;
/lib/ld-uClibc-0.9.30.3.so (-rwxr-xr-x root root);sprintf;1;false;no;
/lib/libncc_comm.so (-rwxr-xr-x root root);mmap;1;false;yes;
/sbin/dhcp_discover (-rwxr-xr-x root root);system;1;false;yes;
/bin/busybox (-rwxr-xr-x root root);strcpy;1;true;yes;
/sbin/drws (-rwxr-xr-x root root);system;1;false;no;
/sbin/dhcp6c (-rwxr-xr-x root root);strcat;1;false;yes;
/sbin/miniupnpd (-rwxr-xr-x root root);sprintf;1;false;yes;
/lib/libblack_cat.so (-rwxr-xr-x root root);fprintf;1;false;no;
/lib/libbulk.so (-rwxr-xr-x root root);system;1;false;no;
/lib/libcrypt-0.9.30.3.so (-rwxr-xr-x root root);sprintf;1;false;no;
/lib/libdl-0.9.30.3.so (-rwxr-xr-x root root);fprintf;1;false;no;
/lib/ld-uClibc-0.9.30.3.so (-rwxr-xr-x root root);strcat;1;false;no;
/lib/libgcc_s.so.1 (-rwxr-xr-x root root);mmap;1;true;no;
/lib/libncc_comm.so (-rwxr-xr-x root root);popen;1;false;yes;
/lib/modules/2.6.30.9/kernel/drivers/scsi/scsi_wait_scan.ko (-rw-r--r-- root root);fprintf;1;true;no;
/lib/libblack_cat.so (-rwxr-xr-x root root);mmap;1;false;no;
/sbin/jjhttpd (-rwxr-xr-x root root);sprintf;1;false;yes;
/lib/libdl-0.9.30.3.so (-rwxr-xr-x root root);mmap;1;false;no;
/lib/libcrypt-0.9.30.3.so (-rwxr-xr-x root root);strcat;1;false;no;
/lib/libleopard.so (-rwxr-xr-x root root);mmap;1;false;yes;
/lib/modules/2.6.30.9/kernel/drivers/usb/storage/usb-storage.ko (-rw-r--r-- root root);fprintf;1;true;no;
/lib/modules/2.6.30.9/kernel/drivers/scsi/scsi_wait_scan.ko (-rw-r--r-- root root);mmap;1;true;no;
/lib/ld-uClibc-0.9.30.3.so (-rwxr-xr-x root root);strcpy;1;false;no;
/lib/libncc_comm.so (-rwxr-xr-x root root);printf;1;false;yes;
/lib/libblack_cat.so (-rwxr-xr-x root root);popen;1;false;no;
/lib/libgcc_s.so.1 (-rwxr-xr-x root root);popen;1;true;no;
/lib/libdl-0.9.30.3.so (-rwxr-xr-x root root);popen;1;false;no;
/lib/modules/2.6.30.9/kernel/drivers/scsi/scsi_wait_scan.ko (-rw-r--r-- root root);popen;1;true;no;
/lib/modules/2.6.30.9/kernel/drivers/usb/storage/usb-storage.ko (-rw-r--r-- root root);mmap;1;true;no;
/lib/libcrypt-0.9.30.3.so (-rwxr-xr-x root root);strcpy;1;false;no;
/sbin/mDNSResponderPosix (-rwxr-xr-x root root);strcat;1;false;yes;
/lib/libncc_comm.so (-rwxr-xr-x root root);sprintf;1;false;yes;
/lib/libblack_cat.so (-rwxr-xr-x root root);printf;1;false;no;
/lib/libdl-0.9.30.3.so (-rwxr-xr-x root root);printf;1;false;no;
/lib/ld-uClibc-0.9.30.3.so (-rwxr-xr-x root root);system;1;false;no;
/sbin/miniupnpd (-rwxr-xr-x root root);strcat;1;false;yes;
/lib/modules/2.6.30.9/kernel/drivers/scsi/scsi_wait_scan.ko (-rw-r--r-- root root);printf;1;true;no;
/lib/libgcc_s.so.1 (-rwxr-xr-x root root);printf;1;true;no;
/lib/modules/2.6.30.9/kernel/drivers/usb/storage/usb-storage.ko (-rw-r--r-- root root);popen;1;true;no;
/lib/libdl-0.9.30.3.so (-rwxr-xr-x root root);sprintf;1;false;no;
/lib/libblack_cat.so (-rwxr-xr-x root root);sprintf;1;false;no;
/lib/libcrypt-0.9.30.3.so (-rwxr-xr-x root root);system;1;false;no;
/lib/libncc_comm.so (-rwxr-xr-x root root);strcat;1;false;yes;
/lib/modules/2.6.30.9/kernel/drivers/scsi/scsi_wait_scan.ko (-rw-r--r-- root root);sprintf;1;true;no;
/lib/modules/2.6.30.9/kernel/net/ipv4/netfilter/nf_nat_sip.ko (-rw-r--r-- root root);fprintf;1;true;no;
/lib/libleopard.so (-rwxr-xr-x root root);popen;1;false;yes;
/lib/libdl-0.9.30.3.so (-rwxr-xr-x root root);strcat;1;false;no;
/lib/libblack_cat.so (-rwxr-xr-x root root);strcat;1;false;no;
/sbin/dhcp6c (-rwxr-xr-x root root);strcpy;1;false;yes;
/lib/modules/2.6.30.9/kernel/drivers/usb/storage/usb-storage.ko (-rw-r--r-- root root);printf;1;true;no;
/lib/modules/2.6.30.9/kernel/drivers/scsi/scsi_wait_scan.ko (-rw-r--r-- root root);strcat;1;true;no;
/lib/modules/2.6.30.9/kernel/net/ipv4/netfilter/nf_nat_sip.ko (-rw-r--r-- root root);mmap;1;true;no;
/lib/libgcc_s.so.1 (-rwxr-xr-x root root);sprintf;1;true;no;
/lib/libncc_comm.so (-rwxr-xr-x root root);strcpy;1;false;yes;
/lib/modules/2.6.30.9/kernel/net/ipv4/netfilter/nf_nat_ipsec.ko (-rw-r--r-- root root);fprintf;1;false;no;
/lib/libdl-0.9.30.3.so (-rwxr-xr-x root root);strcpy;1;false;no;
/lib/libblack_cat.so (-rwxr-xr-x root root);strcpy;1;false;no;
/lib/modules/2.6.30.9/kernel/drivers/scsi/scsi_wait_scan.ko (-rw-r--r-- root root);strcpy;1;true;no;
/lib/modules/2.6.30.9/kernel/net/ipv4/netfilter/nf_nat_sip.ko (-rw-r--r-- root root);popen;1;true;no;
/sbin/jjhttpd (-rwxr-xr-x root root);strcat;1;false;yes;
/lib/modules/2.6.30.9/kernel/net/ipv4/netfilter/nf_nat_ipsec.ko (-rw-r--r-- root root);mmap;1;false;no;
/lib/libdl-0.9.30.3.so (-rwxr-xr-x root root);system;1;false;no;
/lib/libncc_comm.so (-rwxr-xr-x root root);system;1;false;yes;
/lib/modules/2.6.30.9/kernel/drivers/usb/storage/usb-storage.ko (-rw-r--r-- root root);sprintf;1;true;no;
/lib/libgcc_s.so.1 (-rwxr-xr-x root root);strcat;1;true;no;
/lib/libblack_cat.so (-rwxr-xr-x root root);system;1;false;no;
/lib/modules/2.6.30.9/kernel/drivers/scsi/scsi_wait_scan.ko (-rw-r--r-- root root);system;1;true;no;
/sbin/miniupnpd (-rwxr-xr-x root root);strcpy;1;false;yes;
/lib/modules/2.6.30.9/kernel/net/ipv4/netfilter/nf_nat_sip.ko (-rw-r--r-- root root);printf;1;true;no;
/sbin/mDNSResponderPosix (-rwxr-xr-x root root);strcpy;1;false;yes;
/lib/modules/2.6.30.9/kernel/net/ipv4/netfilter/nf_nat_ipsec.ko (-rw-r--r-- root root);popen;1;false;no;
/lib/modules/2.6.30.9/kernel/net/ipv4/netfilter/nf_nat_proto_gre.ko (-rw-r--r-- root root);fprintf;1;true;no;
/lib/modules/2.6.30.9/kernel/net/ipv4/netfilter/nf_nat_pptp.ko (-rw-r--r-- root root);fprintf;1;true;no;
/lib/modules/2.6.30.9/kernel/drivers/usb/storage/usb-storage.ko (-rw-r--r-- root root);strcat;1;true;no;
/lib/modules/2.6.30.9/kernel/net/ipv4/netfilter/nf_nat_rtsp.ko (-rw-r--r-- root root);fprintf;1;false;no;
/lib/modules/2.6.30.9/kernel/net/ipv4/netfilter/nf_nat_sip.ko (-rw-r--r-- root root);sprintf;1;true;no;
/lib/modules/2.6.30.9/kernel/net/netfilter/nf_conntrack_proto_gre.ko (-rw-r--r-- root root);fprintf;1;true;no;
/lib/libleopard.so (-rwxr-xr-x root root);printf;1;false;yes;
/lib/libgcc_s.so.1 (-rwxr-xr-x root root);strcpy;1;true;no;
/lib/modules/2.6.30.9/kernel/net/ipv4/netfilter/nf_nat_ipsec.ko (-rw-r--r-- root root);printf;1;false;no;
/lib/modules/2.6.30.9/kernel/net/ipv4/netfilter/nf_nat_pptp.ko (-rw-r--r-- root root);mmap;1;true;no;
/lib/modules/2.6.30.9/kernel/net/ipv4/netfilter/nf_nat_proto_gre.ko (-rw-r--r-- root root);mmap;1;true;no;
/lib/modules/2.6.30.9/kernel/net/ipv4/netfilter/nf_nat_rtsp.ko (-rw-r--r-- root root);mmap;1;false;no;
/lib/modules/2.6.30.9/kernel/drivers/usb/storage/usb-storage.ko (-rw-r--r-- root root);strcpy;1;true;no;
/lib/modules/2.6.30.9/kernel/net/netfilter/nf_conntrack_proto_gre.ko (-rw-r--r-- root root);mmap;1;true;no;
/lib/modules/2.6.30.9/kernel/net/ipv4/netfilter/nf_nat_sip.ko (-rw-r--r-- root root);strcat;1;true;no;
/lib/modules/2.6.30.9/kernel/net/ipv4/netfilter/nf_nat_ipsec.ko (-rw-r--r-- root root);sprintf;1;false;no;
/lib/modules/2.6.30.9/kernel/net/ipv4/netfilter/nf_nat_proto_gre.ko (-rw-r--r-- root root);popen;1;true;no;
/lib/modules/2.6.30.9/kernel/net/ipv4/netfilter/nf_nat_pptp.ko (-rw-r--r-- root root);popen;1;true;no;
/sbin/dhcp6c (-rwxr-xr-x root root);system;1;false;yes;
/lib/libgcc_s.so.1 (-rwxr-xr-x root root);system;1;true;no;
/lib/modules/2.6.30.9/kernel/net/netfilter/nf_conntrack_proto_gre.ko (-rw-r--r-- root root);popen;1;true;no;
/lib/modules/2.6.30.9/kernel/net/ipv4/netfilter/nf_nat_rtsp.ko (-rw-r--r-- root root);popen;1;false;no;
/lib/modules/2.6.30.9/kernel/net/ipv4/netfilter/nf_nat_ipsec.ko (-rw-r--r-- root root);strcat;1;false;no;
/lib/modules/2.6.30.9/kernel/net/ipv4/netfilter/nf_nat_sip.ko (-rw-r--r-- root root);strcpy;1;true;no;
/lib/modules/2.6.30.9/kernel/drivers/usb/storage/usb-storage.ko (-rw-r--r-- root root);system;1;true;no;
/lib/modules/2.6.30.9/kernel/net/ipv4/netfilter/nf_nat_pptp.ko (-rw-r--r-- root root);printf;1;true;no;
/lib/modules/2.6.30.9/kernel/net/ipv4/netfilter/nf_nat_proto_gre.ko (-rw-r--r-- root root);printf;1;true;no;
/lib/modules/2.6.30.9/kernel/net/netfilter/nf_conntrack_ipsec.ko (-rw-r--r-- root root);fprintf;1;false;no;
/bin/busybox (-rwxr-xr-x root root);system;1;true;yes;
/lib/modules/2.6.30.9/kernel/net/ipv4/netfilter/nf_nat_rtsp.ko (-rw-r--r-- root root);printf;1;false;no;
/lib/modules/2.6.30.9/kernel/net/netfilter/nf_conntrack_proto_gre.ko (-rw-r--r-- root root);printf;1;true;no;
/lib/modules/2.6.30.9/kernel/net/netfilter/nf_conntrack_rtsp.ko (-rw-r--r-- root root);fprintf;1;false;no;
/lib/modules/2.6.30.9/kernel/net/ipv4/netfilter/nf_nat_ipsec.ko (-rw-r--r-- root root);strcpy;1;false;no;
/lib/modules/2.6.30.9/kernel/net/ipv4/netfilter/nf_nat_sip.ko (-rw-r--r-- root root);system;1;true;no;
/sbin/jjhttpd (-rwxr-xr-x root root);strcpy;1;false;yes;
/lib/modules/2.6.30.9/kernel/net/ipv4/netfilter/nf_nat_proto_gre.ko (-rw-r--r-- root root);sprintf;1;true;no;
/lib/modules/2.6.30.9/kernel/net/ipv4/netfilter/nf_nat_pptp.ko (-rw-r--r-- root root);sprintf;1;true;no;
/lib/modules/2.6.30.9/kernel/net/netfilter/nf_conntrack_pptp.ko (-rw-r--r-- root root);fprintf;1;true;no;
/lib/modules/2.6.30.9/kernel/net/netfilter/nf_conntrack_ipsec.ko (-rw-r--r-- root root);mmap;1;false;no;
/sbin/miniupnpd (-rwxr-xr-x root root);system;1;false;yes;
/bin/smbd (-rwxr-xr-x root root);strcat;1;true;yes;
/lib/modules/2.6.30.9/kernel/net/ipv4/netfilter/nf_nat_rtsp.ko (-rw-r--r-- root root);sprintf;1;false;no;
/lib/libleopard.so (-rwxr-xr-x root root);sprintf;1;false;yes;
/lib/modules/2.6.30.9/kernel/net/netfilter/nf_conntrack_proto_gre.ko (-rw-r--r-- root root);sprintf;1;true;no;
/lib/modules/2.6.30.9/kernel/net/netfilter/nf_conntrack_rtsp.ko (-rw-r--r-- root root);mmap;1;false;no;
/lib/modules/2.6.30.9/kernel/net/ipv4/netfilter/nf_nat_ipsec.ko (-rw-r--r-- root root);system;1;false;no;
/lib/modules/2.6.30.9/kernel/net/netfilter/nf_conntrack_l2tp.ko (-rw-r--r-- root root);fprintf;1;false;no;
/sbin/mDNSResponderPosix (-rwxr-xr-x root root);system;1;false;yes;
/lib/modules/2.6.30.9/kernel/net/ipv4/netfilter/nf_nat_proto_gre.ko (-rw-r--r-- root root);strcat;1;true;no;
/lib/modules/2.6.30.9/kernel/net/ipv4/netfilter/nf_nat_pptp.ko (-rw-r--r-- root root);strcat;1;true;no;
/lib/modules/2.6.30.9/kernel/net/netfilter/nf_conntrack_pptp.ko (-rw-r--r-- root root);mmap;1;true;no;
/lib/modules/2.6.30.9/kernel/net/netfilter/nf_conntrack_ipsec.ko (-rw-r--r-- root root);popen;1;false;no;
/lib/modules/2.6.30.9/kernel/net/netfilter/nf_conntrack_sip.ko (-rw-r--r-- root root);fprintf;1;true;no;
/lib/libresolv-0.9.30.3.so (-rwxr-xr-x root root);fprintf;1;false;no;
/sbin/ncc2 (-rwxr-xr-x root root);popen;1;false;yes;
/lib/modules/2.6.30.9/kernel/net/ipv4/netfilter/nf_nat_rtsp.ko (-rw-r--r-- root root);strcat;1;false;no;
/lib/modules/2.6.30.9/kernel/net/netfilter/nf_conntrack_proto_gre.ko (-rw-r--r-- root root);strcat;1;true;no;
/lib/modules/2.6.30.9/kernel/net/netfilter/nf_conntrack_rtsp.ko (-rw-r--r-- root root);popen;1;false;no;
/lib/modules/2.6.30.9/kernel/net/ipv4/netfilter/nf_nat_proto_gre.ko (-rw-r--r-- root root);strcpy;1;true;no;
/lib/modules/2.6.30.9/kernel/net/netfilter/nf_conntrack_l2tp.ko (-rw-r--r-- root root);mmap;1;false;no;
/lib/libcJSON.so (-rwxr-xr-x root root);fprintf;1;false;no;
/lib/modules/2.6.30.9/kernel/net/ipv4/netfilter/nf_nat_pptp.ko (-rw-r--r-- root root);strcpy;1;true;no;
/lib/modules/2.6.30.9/kernel/net/netfilter/nf_conntrack_pptp.ko (-rw-r--r-- root root);popen;1;true;no;
/lib/modules/2.6.30.9/kernel/net/netfilter/nf_conntrack_ipsec.ko (-rw-r--r-- root root);printf;1;false;no;
/lib/libresolv-0.9.30.3.so (-rwxr-xr-x root root);mmap;1;false;no;
/lib/modules/2.6.30.9/kernel/net/netfilter/nf_conntrack_sip.ko (-rw-r--r-- root root);mmap;1;true;no;
/lib/modules/2.6.30.9/kernel/net/ipv4/netfilter/nf_nat_rtsp.ko (-rw-r--r-- root root);strcpy;1;false;no;
/lib/modules/2.6.30.9/kernel/net/netfilter/nf_conntrack_proto_gre.ko (-rw-r--r-- root root);strcpy;1;true;no;
/lib/modules/2.6.30.9/kernel/net/netfilter/nf_conntrack_rtsp.ko (-rw-r--r-- root root);printf;1;false;no;
/lib/modules/2.6.30.9/kernel/net/netfilter/nf_conntrack_l2tp.ko (-rw-r--r-- root root);popen;1;false;no;
/lib/modules/2.6.30.9/kernel/net/ipv4/netfilter/nf_nat_proto_gre.ko (-rw-r--r-- root root);system;1;true;no;
/lib/modules/2.6.30.9/kernel/net/ipv4/netfilter/nf_nat_pptp.ko (-rw-r--r-- root root);system;1;true;no;
/lib/modules/2.6.30.9/kernel/net/netfilter/nf_conntrack_pptp.ko (-rw-r--r-- root root);printf;1;true;no;
/lib/modules/2.6.30.9/kernel/net/netfilter/nf_conntrack_ipsec.ko (-rw-r--r-- root root);sprintf;1;false;no;
/lib/libcJSON.so (-rwxr-xr-x root root);mmap;1;false;no;
/lib/libresolv-0.9.30.3.so (-rwxr-xr-x root root);popen;1;false;no;
/lib/modules/2.6.30.9/kernel/net/netfilter/nf_conntrack_proto_gre.ko (-rw-r--r-- root root);system;1;true;no;
/lib/modules/2.6.30.9/kernel/net/netfilter/nf_conntrack_sip.ko (-rw-r--r-- root root);popen;1;true;no;
/lib/modules/2.6.30.9/kernel/net/ipv4/netfilter/nf_nat_rtsp.ko (-rw-r--r-- root root);system;1;false;no;
/lib/libpthread-0.9.30.3.so (-rwxr-xr-x root root);fprintf;1;false;no;
/lib/modules/2.6.30.9/kernel/net/netfilter/nf_conntrack_rtsp.ko (-rw-r--r-- root root);sprintf;1;false;no;
/lib/modules/2.6.30.9/kernel/net/netfilter/nf_conntrack_l2tp.ko (-rw-r--r-- root root);printf;1;false;no;
/lib/modules/2.6.30.9/kernel/net/netfilter/nf_conntrack_pptp.ko (-rw-r--r-- root root);sprintf;1;true;no;
/lib/modules/2.6.30.9/kernel/net/netfilter/nf_conntrack_ipsec.ko (-rw-r--r-- root root);strcat;1;false;no;
/lib/librt-0.9.30.3.so (-rwxr-xr-x root root);fprintf;1;false;no;
/lib/libresolv-0.9.30.3.so (-rwxr-xr-x root root);printf;1;false;no;
/lib/libcJSON.so (-rwxr-xr-x root root);popen;1;false;no;
/lib/libcrypto.so.0.9.8 (-rwxr-xr-x root root);fprintf;1;false;yes;
/lib/libleopard.so (-rwxr-xr-x root root);strcat;1;false;yes;
/lib/modules/2.6.30.9/kernel/net/netfilter/nf_conntrack_l2tp.ko (-rw-r--r-- root root);sprintf;1;false;no;
/lib/modules/2.6.30.9/kernel/net/netfilter/nf_conntrack_rtsp.ko (-rw-r--r-- root root);strcat;1;false;no;
/lib/modules/2.6.30.9/kernel/net/netfilter/nf_conntrack_sip.ko (-rw-r--r-- root root);printf;1;true;no;
/lib/libm-0.9.30.3.so (-rwxr-xr-x root root);fprintf;1;false;no;
/lib/modules/2.6.30.9/kernel/net/netfilter/nf_conntrack_ipsec.ko (-rw-r--r-- root root);strcpy;1;false;no;
/lib/modules/2.6.30.9/kernel/net/netfilter/nf_conntrack_pptp.ko (-rw-r--r-- root root);strcat;1;true;no;
/lib/librt-0.9.30.3.so (-rwxr-xr-x root root);mmap;1;false;no;
/lib/libresolv-0.9.30.3.so (-rwxr-xr-x root root);sprintf;1;false;no;
/lib/libapmib.so (-rwxr-xr-x root root);fprintf;1;false;no;
/lib/libcJSON.so (-rwxr-xr-x root root);printf;1;false;no;
/lib/modules/2.6.30.9/kernel/net/netfilter/nf_conntrack_l2tp.ko (-rw-r--r-- root root);strcat;1;false;no;
/lib/modules/2.6.30.9/kernel/net/netfilter/nf_conntrack_rtsp.ko (-rw-r--r-- root root);strcpy;1;false;no;
/sbin/jjhttpd (-rwxr-xr-x root root);system;1;false;yes;
/lib/modules/2.6.30.9/kernel/net/netfilter/nf_conntrack_sip.ko (-rw-r--r-- root root);sprintf;1;true;no;
/lib/libm-0.9.30.3.so (-rwxr-xr-x root root);mmap;1;false;no;
/lib/librt-0.9.30.3.so (-rwxr-xr-x root root);popen;1;false;no;
/lib/modules/2.6.30.9/kernel/net/netfilter/nf_conntrack_ipsec.ko (-rw-r--r-- root root);system;1;false;no;
/lib/libpthread-0.9.30.3.so (-rwxr-xr-x root root);mmap;1;false;no;
/lib/modules/2.6.30.9/kernel/net/netfilter/nf_conntrack_pptp.ko (-rw-r--r-- root root);strcpy;1;true;no;
/lib/libresolv-0.9.30.3.so (-rwxr-xr-x root root);strcat;1;false;no;
/lib/modules/2.6.30.9/kernel/net/netfilter/nf_conntrack_l2tp.ko (-rw-r--r-- root root);strcpy;1;false;no;
/lib/libcJSON.so (-rwxr-xr-x root root);sprintf;1;false;no;
/lib/modules/2.6.30.9/kernel/net/netfilter/nf_conntrack_rtsp.ko (-rw-r--r-- root root);system;1;false;no;
/lib/libapmib.so (-rwxr-xr-x root root);mmap;1;false;no;
/lib/libm-0.9.30.3.so (-rwxr-xr-x root root);popen;1;false;no;
/lib/librt-0.9.30.3.so (-rwxr-xr-x root root);printf;1;false;no;
/lib/modules/2.6.30.9/kernel/net/netfilter/nf_conntrack_sip.ko (-rw-r--r-- root root);strcat;1;true;no;
/lib/modules/2.6.30.9/kernel/net/netfilter/nf_conntrack_pptp.ko (-rw-r--r-- root root);system;1;true;no;
/lib/libintl-0.9.30.3.so (-rwxr-xr-x root root);fprintf;1;false;no;
/lib/libresolv-0.9.30.3.so (-rwxr-xr-x root root);strcpy;1;false;no;
/lib/modules/2.6.30.9/kernel/net/netfilter/nf_conntrack_l2tp.ko (-rw-r--r-- root root);system;1;false;no;
/lib/libcJSON.so (-rwxr-xr-x root root);strcat;1;false;no;
/lib/librt-0.9.30.3.so (-rwxr-xr-x root root);sprintf;1;false;no;
/lib/libm-0.9.30.3.so (-rwxr-xr-x root root);printf;1;false;no;
/lib/libintl-0.9.30.3.so (-rwxr-xr-x root root);mmap;1;false;no;
/lib/libresolv-0.9.30.3.so (-rwxr-xr-x root root);system;1;false;no;
/lib/modules/2.6.30.9/kernel/net/netfilter/nf_conntrack_sip.ko (-rw-r--r-- root root);strcpy;1;true;no;
/lib/libpthread-0.9.30.3.so (-rwxr-xr-x root root);popen;1;false;no;
/lib/libapmib.so (-rwxr-xr-x root root);popen;1;false;no;
/lib/libleopard.so (-rwxr-xr-x root root);strcpy;1;false;yes;
/lib/librt-0.9.30.3.so (-rwxr-xr-x root root);strcat;1;false;no;
/lib/libcJSON.so (-rwxr-xr-x root root);strcpy;1;false;no;
/lib/libm-0.9.30.3.so (-rwxr-xr-x root root);sprintf;1;false;no;
/lib/libintl-0.9.30.3.so (-rwxr-xr-x root root);popen;1;false;no;
/lib/modules/2.6.30.9/kernel/net/netfilter/nf_conntrack_sip.ko (-rw-r--r-- root root);system;1;true;no;
/lib/librt-0.9.30.3.so (-rwxr-xr-x root root);strcpy;1;false;no;
/lib/libm-0.9.30.3.so (-rwxr-xr-x root root);strcat;1;false;no;
/lib/libcJSON.so (-rwxr-xr-x root root);system;1;false;no;
/lib/libintl-0.9.30.3.so (-rwxr-xr-x root root);printf;1;false;no;
/lib/libapmib.so (-rwxr-xr-x root root);printf;1;false;no;
/lib/libpthread-0.9.30.3.so (-rwxr-xr-x root root);printf;1;false;no;
/lib/librt-0.9.30.3.so (-rwxr-xr-x root root);system;1;false;no;
/lib/libm-0.9.30.3.so (-rwxr-xr-x root root);strcpy;1;false;no;
/lib/libintl-0.9.30.3.so (-rwxr-xr-x root root);sprintf;1;false;no;
/lib/libapmib.so (-rwxr-xr-x root root);sprintf;1;false;no;
/lib/libm-0.9.30.3.so (-rwxr-xr-x root root);system;1;false;no;
/lib/libintl-0.9.30.3.so (-rwxr-xr-x root root);strcat;1;false;no;
/lib/libuClibc-0.9.30.3.so (-rwxr-xr-x root root);fprintf;1;false;no;
/lib/libpthread-0.9.30.3.so (-rwxr-xr-x root root);sprintf;1;false;no;
/lib/libleopard.so (-rwxr-xr-x root root);system;1;false;yes;
/lib/libintl-0.9.30.3.so (-rwxr-xr-x root root);strcpy;1;false;no;
/lib/libapmib.so (-rwxr-xr-x root root);strcat;1;false;no;
/lib/libintl-0.9.30.3.so (-rwxr-xr-x root root);system;1;false;no;
/lib/libssl.so.0.9.8 (-rwxr-xr-x root root);fprintf;1;false;no;
/lib/libpthread-0.9.30.3.so (-rwxr-xr-x root root);strcat;1;false;no;
/lib/libapmib.so (-rwxr-xr-x root root);strcpy;1;false;no;
/bin/smbd (-rwxr-xr-x root root);strcpy;1;true;yes;
/lib/libapmib.so (-rwxr-xr-x root root);system;1;false;no;
/lib/libpthread-0.9.30.3.so (-rwxr-xr-x root root);strcpy;1;false;no;
/lib/libuClibc-0.9.30.3.so (-rwxr-xr-x root root);mmap;1;false;no;
/lib/libpthread-0.9.30.3.so (-rwxr-xr-x root root);system;1;false;no;
/sbin/ncc2 (-rwxr-xr-x root root);printf;1;false;yes;
/lib/libcrypto.so.0.9.8 (-rwxr-xr-x root root);mmap;1;false;yes;
/lib/libuClibc-0.9.30.3.so (-rwxr-xr-x root root);popen;1;false;no;
/lib/libssl.so.0.9.8 (-rwxr-xr-x root root);mmap;1;false;no;
/bin/smbd (-rwxr-xr-x root root);system;1;true;yes;
/lib/libuClibc-0.9.30.3.so (-rwxr-xr-x root root);printf;1;false;no;
/lib/libuClibc-0.9.30.3.so (-rwxr-xr-x root root);sprintf;1;false;no;
/lib/libssl.so.0.9.8 (-rwxr-xr-x root root);popen;1;false;no;
/lib/libuClibc-0.9.30.3.so (-rwxr-xr-x root root);strcat;1;false;no;
/lib/libcrypto.so.0.9.8 (-rwxr-xr-x root root);popen;1;false;yes;
/sbin/ncc2 (-rwxr-xr-x root root);sprintf;1;false;yes;
/lib/libssl.so.0.9.8 (-rwxr-xr-x root root);printf;1;false;no;
/lib/libuClibc-0.9.30.3.so (-rwxr-xr-x root root);strcpy;1;false;no;
/lib/libuClibc-0.9.30.3.so (-rwxr-xr-x root root);system;1;false;no;
/lib/libssl.so.0.9.8 (-rwxr-xr-x root root);sprintf;1;false;no;
/lib/libcrypto.so.0.9.8 (-rwxr-xr-x root root);printf;1;false;yes;
/sbin/ncc2 (-rwxr-xr-x root root);strcat;1;false;yes;
/lib/libssl.so.0.9.8 (-rwxr-xr-x root root);strcat;1;false;no;
/lib/libcrypto.so.0.9.8 (-rwxr-xr-x root root);sprintf;1;false;yes;
/lib/libssl.so.0.9.8 (-rwxr-xr-x root root);strcpy;1;false;no;
/sbin/ncc2 (-rwxr-xr-x root root);strcpy;1;false;yes;
/lib/libssl.so.0.9.8 (-rwxr-xr-x root root);system;1;false;no;
/lib/libcrypto.so.0.9.8 (-rwxr-xr-x root root);strcat;1;false;yes;
/sbin/ncc2 (-rwxr-xr-x root root);system;1;false;yes;
/lib/libcrypto.so.0.9.8 (-rwxr-xr-x root root);strcpy;1;false;yes;
/lib/libcrypto.so.0.9.8 (-rwxr-xr-x root root);system;1;false;yes;
